<?xml version="1.0" encoding="UTF-8"?>
<project-private xmlns="http://www.netbeans.org/ns/project-private/1">
    <editor-bookmarks xmlns="http://www.netbeans.org/ns/editor-bookmarks/2" lastBookmarkId="0"/>
    <open-files xmlns="http://www.netbeans.org/ns/projectui-open-files/2">
        <group>
            <file>file:/C:/Users/Sebastin-pc/Documents/pruebayochua/Mizik/src/java/controller/Controlador.java</file>
            <file>file:/C:/Users/Sebastin-pc/Documents/pruebayochua/Mizik/web/View/buscar.jsp</file>
            <file>file:/C:/Users/Sebastin-pc/Documents/pruebayochua/Mizik/web/View/biblioteca.jsp</file>
            <file>file:/C:/Users/Sebastin-pc/Documents/pruebayochua/Mizik/web/View/albumListar.jsp</file>
            <file>file:/C:/Users/Sebastin-pc/Documents/pruebayochua/Mizik/src/java/configuration/Conexion.java</file>
        </group>
    </open-files>
</project-private>
