<?xml version="1.0" encoding="UTF-8"?>
<project-private xmlns="http://www.netbeans.org/ns/project-private/1">
    <editor-bookmarks xmlns="http://www.netbeans.org/ns/editor-bookmarks/2" lastBookmarkId="0"/>
    <open-files xmlns="http://www.netbeans.org/ns/projectui-open-files/2">
        <group>
            <file>file:/C:/Users/chejo/OneDrive/Escritorio/Mizik/web/View/listarCanciones.jsp</file>
            <file>file:/C:/Users/chejo/OneDrive/Escritorio/Mizik/web/View/listarArtistas.jsp</file>
            <file>file:/C:/Users/chejo/OneDrive/Escritorio/Mizik/web/View/listarUsuarios.jsp</file>
            <file>file:/C:/Users/chejo/OneDrive/Escritorio/Mizik/src/java/modelDAO/CancionesDAO.java</file>
            <file>file:/C:/Users/chejo/OneDrive/Escritorio/Mizik/src/java/model/Canciones.java</file>
        </group>
    </open-files>
</project-private>
