<?xml version="1.0" encoding="UTF-8"?>
<project-private xmlns="http://www.netbeans.org/ns/project-private/1">
    <editor-bookmarks xmlns="http://www.netbeans.org/ns/editor-bookmarks/2" lastBookmarkId="0"/>
    <open-files xmlns="http://www.netbeans.org/ns/projectui-open-files/2">
        <group>
            <file>file:/C:/Users/areva/OneDrive/Escritorio/Kinal/5.to%202023/Taller%202/Proyecto%20Mizik%20-%20Web%20-%202023/Proyecto_Fila_1/Mizik%20pre%20alpha%201.1/web/Principal.jsp</file>
            <file>file:/C:/Users/areva/OneDrive/Escritorio/Kinal/5.to%202023/Taller%202/Proyecto%20Mizik%20-%20Web%20-%202023/Proyecto_Fila_1/Mizik%20pre%20alpha%201.1/src/java/modelDAO/UsuariosDAO.java</file>
            <file>file:/C:/Users/areva/OneDrive/Escritorio/Kinal/5.to%202023/Taller%202/Proyecto%20Mizik%20-%20Web%20-%202023/Proyecto_Fila_1/Mizik%20pre%20alpha%201.1/src/java/model/Usuarios.java</file>
            <file>file:/C:/Users/areva/OneDrive/Escritorio/Kinal/5.to%202023/Taller%202/Proyecto%20Mizik%20-%20Web%20-%202023/Proyecto_Fila_1/Mizik%20pre%20alpha%201.1/src/java/controller/Validar.java</file>
            <file>file:/C:/Users/areva/OneDrive/Escritorio/Kinal/5.to%202023/Taller%202/Proyecto%20Mizik%20-%20Web%20-%202023/Proyecto_Fila_1/Mizik%20pre%20alpha%201.1/src/java/configuration/Conexion.java</file>
            <file>file:/C:/Users/areva/OneDrive/Escritorio/Kinal/5.to%202023/Taller%202/Proyecto%20Mizik%20-%20Web%20-%202023/Proyecto_Fila_1/Mizik%20pre%20alpha%201.1/src/java/controller/Controlador.java</file>
            <file>file:/C:/Users/areva/OneDrive/Escritorio/Kinal/5.to%202023/Taller%202/Proyecto%20Mizik%20-%20Web%20-%202023/Proyecto_Fila_1/Mizik%20pre%20alpha%201.1/web/index.jsp</file>
        </group>
    </open-files>
</project-private>
