<?xml version="1.0" encoding="UTF-8"?>
<project-private xmlns="http://www.netbeans.org/ns/project-private/1">
    <editor-bookmarks xmlns="http://www.netbeans.org/ns/editor-bookmarks/2" lastBookmarkId="0"/>
    <open-files xmlns="http://www.netbeans.org/ns/projectui-open-files/2">
        <group>
            <file>file:/C:/Users/user/Desktop/Mizik%201.1.5.2/Mizik/src/conf/MANIFEST.MF</file>
            <file>file:/C:/Users/user/Desktop/Mizik%201.1.5.2/Mizik/src/java/configuration/Conexion.java</file>
            <file>file:/C:/Users/user/Desktop/Mizik%201.1.5.2/Mizik/web/mizikCss.css</file>
            <file>file:/C:/Users/user/Desktop/Mizik%201.1.5.2/Mizik/web/Principal.jsp</file>
            <file>file:/C:/Users/user/Desktop/Mizik%201.1.5.2/Mizik/src/java/controller/Controlador.java</file>
            <file>file:/C:/Users/user/Desktop/Mizik%201.1.5.2/Mizik/web/WEB-INF/web.xml</file>
            <file>file:/C:/Users/user/Desktop/Mizik%201.1.5.2/Mizik/web/View/listarUsuarios.jsp</file>
            <file>file:/C:/Users/user/Desktop/Mizik%201.1.5.2/Mizik/src/java/data_base/Spotify%202.sql</file>
        </group>
    </open-files>
</project-private>
