<?xml version="1.0" encoding="UTF-8"?>
<project-private xmlns="http://www.netbeans.org/ns/project-private/1">
    <editor-bookmarks xmlns="http://www.netbeans.org/ns/editor-bookmarks/2" lastBookmarkId="0"/>
    <open-files xmlns="http://www.netbeans.org/ns/projectui-open-files/2">
        <group>
            <file>file:/C:/Users/user/Desktop/a/Mizik/src/java/controller/Controlador.java</file>
            <file>file:/C:/Users/user/Desktop/a/Mizik/src/java/modelDAO/UsuariosDAO.java</file>
            <file>file:/C:/Users/user/Desktop/a/Mizik/src/java/controller/Validar.java</file>
            <file>file:/C:/Users/user/Desktop/a/Mizik/src/java/configuration/Conexion.java</file>
            <file>file:/C:/Users/user/Desktop/a/Mizik/src/java/data_base/Spotify%202.sql</file>
            <file>file:/C:/Users/user/Desktop/a/Mizik/src/java/model/Usuarios.java</file>
            <file>file:/C:/Users/user/Desktop/a/Mizik/web/Principal.jsp</file>
        </group>
    </open-files>
</project-private>
