<?xml version="1.0" encoding="UTF-8"?>
<project-private xmlns="http://www.netbeans.org/ns/project-private/1">
    <editor-bookmarks xmlns="http://www.netbeans.org/ns/editor-bookmarks/2" lastBookmarkId="0"/>
    <open-files xmlns="http://www.netbeans.org/ns/projectui-open-files/2">
        <group>
            <file>file:/C:/Users/informatica/OneDrive%20-%20Fundación%20Kinal%20-Alumnos-/Desktop/Mizik/web/Css/nosotrosCss.css</file>
            <file>file:/C:/Users/informatica/OneDrive%20-%20Fundación%20Kinal%20-Alumnos-/Desktop/Mizik/web/View/config.jsp</file>
            <file>file:/C:/Users/informatica/OneDrive%20-%20Fundación%20Kinal%20-Alumnos-/Desktop/Mizik/web/Principal.jsp</file>
        </group>
    </open-files>
</project-private>
